"role,level,source,question,answer_context"
"ML Engineer,Junior,Yandex,""Что такое переобучение (overfitting) и как с ним бороться?"",""Переобучение возникает, когда модель слишком хорошо запоминает обучающие данные, включая шум, и плохо работает на новых данных. Методы борьбы: регуляризация (L1, L2), Dropout, упрощение модели, увеличение данных, ранняя остановка (early stopping)."""
"ML Engineer,Junior,Ozon,""Чем отличается L1 регуляризация от L2?"",""L1 (Lasso) добавляет штраф, пропорциональный модулю весов, что может обнулять некоторые веса (отбор признаков). L2 (Ridge) добавляет штраф, пропорциональный квадрату весов, что уменьшает веса, но редко обнуляет их полностью."""
"ML Engineer,Junior,Sber,""Как оценить качество модели классификации при несбалансированных классах?"",""Accuracy здесь не подходит. Лучше использовать Precision, Recall, F1-score, ROC-AUC или PR-AUC. Также можно применять стратифицированную кросс-валидацию и техники балансировки (SMOTE, undersampling/oversampling)."""
"ML Engineer,Middle,Yandex,""Объясните принцип работы Gradient Boosting."",""Градиентный бустинг строит ансамбль деревьев последовательно. Каждое новое дерево обучается минимизировать ошибку (градиент функции потерь) предыдущих деревьев. Примеры реализаций: XGBoost, LightGBM, CatBoost."""
"ML Engineer,Middle,Tinkoff,""В чем разница между Bagging и Boosting?"",""Bagging (Bootstrap Aggregating) обучает модели параллельно на разных подвыборках и усредняет результат (пример: Random Forest), снижая дисперсию. Boosting обучает модели последовательно, где каждая следующая исправляет ошибки предыдущей, снижая смещение."""
"ML Engineer,Middle,Avito,""Как обрабатывать пропущенные значения в числовых признаках?"",""Варианты: удаление строк (если мало пропусков), замена на среднее/медиану/моду, заполнение константой (например, -1), предсказание пропусков другой моделью или использование алгоритмов, поддерживающих пропуски (CatBoost, XGBoost)."""
"ML Engineer,Middle,Sber,""Что такое One-Hot Encoding и когда его не стоит использовать?"",""Это кодирование категориальных признаков созданием отдельного бинарного столбца для каждой категории. Не стоит использовать при большом количестве уникальных категорий (разреженность матрицы), лучше применить Target Encoding или Embeddings."""
"ML Engineer,Senior,Yandex,""Как оптимизировать инференс глубокой нейросети для продакшена?"",""Квантование (int8), прунинг (удаление незначимых весов), дистилляция знаний (обучение маленькой модели на большой), использование TensorRT или ONNX Runtime, батчинг запросов, кэширование результатов."""
"ML Engineer,Senior,Ozon,""Расскажите про Cold Start проблему в рекомендательных системах и способы решения."",""Проблема отсутствия данных о новых пользователях или товарах. Решения: использование контентной фильтрации (атрибуты товара), гибридные системы, запрос явных предпочтений у пользователя, использование популярного контента (trending)."""
"ML Engineer,Senior,Tinkoff,""Как реализовать A/B тестирование ML-модели?"",""Разделение трафика на контрольную (A) и тестовую (B) группы. Важно обеспечить репрезентативность, статистическую значимость (p-value, доверительные интервалы), длительность теста и отслеживание бизнес-метрик, а не только ML-метрик."""
"ML Engineer,Junior,General,""Что такое градиентный спуск?"",""Итеративный метод оптимизации для нахождения минимума функции потерь. Веса обновляются в направлении, противоположном градиенту. Варианты: SGD, Mini-batch GD, Adam, RMSprop."""
"ML Engineer,Junior,General,""Зачем нужна функция активации в нейросети?"",""Она добавляет нелинейность, позволяя сети обучаться сложным зависимостям. Без неё многослойная сеть была бы эквивалентна одному линейному слою. Популярные функции: ReLU, Sigmoid, Tanh, Softmax."""
"ML Engineer,Middle,General,""Как выбрать метрику для задачи регрессии?"",""MSE (квадратичная ошибка) чувствительна к выбросам. MAE (средняя абсолютная) более робастна. RMSE интерпретируема в единицах целевой переменной. R^2 показывает долю объясненной дисперсии."""
"ML Engineer,Middle,General,""Что такое кросс-валидация и зачем она нужна?"",""Метод оценки обобщающей способности модели. Данные разбиваются на k частей (folds), модель обучается на k-1 частях, тестируется на оставшейся. Процесс повторяется k раз. Помогает избежать переобучения на конкретном разбиении."""
"ML Engineer,Senior,General,""Как бороться с концептуальным дрифтом (data drift) в продакшене?"",""Мониторинг распределения входных данных и предсказаний. Автоматическое переобучение модели при детектировании дрейфа. Использование скользящего окна для обучения. Анализ важности признаков во времени."""
"ML Engineer,Junior,Yandex,""Что такое Precision и Recall?"",""Precision (точность) = TP / (TP + FP) — доля верных положительных прогнозов среди всех положительных. Recall (полнота) = TP / (TP + FN) — доля найденных положительных объектов среди всех реальных положительных."""
"ML Engineer,Middle,Ozon,""Как работать с текстовыми данными перед подачей в модель?"",""Токенизация, лемматизация/стемминг, удаление стоп-слов, создание векторных представлений (Bag of Words, TF-IDF, Word2Vec, BERT embeddings). Обработка регистра и спецсимволов."""
"ML Engineer,Senior,Sber,""Как масштабировать обучение модели на больших данных?"",""Использование распределенных вычислений (Spark MLlib, Dask), обучение на GPU, выбор эффективных алгоритмов (Linear models, Tree-based), семплирование данных, инкрементальное обучение (partial_fit)."""
"ML Engineer,Junior,Avito,""Что такое нормализация и стандартизация данных?"",""Нормализация (Min-Max Scaling) приводит данные к диапазону [0, 1]. Стандартизация (Z-score) приводит данные к распределению с mean=0 и std=1. Важно для градиентного спуска и методов, основанных на расстояниях (KNN, KMeans)."""
"ML Engineer,Middle,Yandex,""Как подобрать гиперпараметры модели?"",""Grid Search (полный перебор), Random Search (случайный перебор), Bayesian Optimization (оптимизация Байеса), автоматический подбор (Optuna, Hyperopt). Всегда использовать валидационную выборку или кросс-валидацию."""
"ML Engineer,Senior,Tinkoff,""Архитектура ML-пайплайна в продакшене."",""Сбор и валидация данных -> Feature Store -> Обучение модели -> Версионирование моделей (MLflow) -> Деплой (Docker, Kubernetes) -> Мониторинг (Prometheus, Grafana) -> Логирование предсказаний."""
"ML Engineer,Junior,Sber,""Что такое Confusion Matrix?"",""Таблица для оценки качества классификации: True Positive, True Negative, False Positive, False Negative. Позволяет рассчитать Precision, Recall, Accuracy, F1."""
"ML Engineer,Middle,Avito,""В чем особенность использования CatBoost?"",""Эффективная работа с категориальными признаками без предварительного кодирования (использует ordered target statistics), борьба с предсказательным сдвигом, высокая скорость и качество, встроенная обработка пропусков."""
"ML Engineer,Senior,Yandex,""Как обеспечить воспроизводимость ML экспериментов?"",""Фиксация random_seed, версионирование кода (Git), данных (DVC) и параметров модели. Использование инструментов трекинга (MLflow, Weights & Biases). Контейнеризация окружения (Docker)."""
"ML Engineer,Junior,Ozon,""Что такое TF-IDF?"",""Term Frequency-Inverse Document Frequency. Метрика, оценивающая важность слова в документе относительно коллекции документов. Уменьшает вес слов, встречающихся часто во всех документах (стоп-слова)."""
"ML Engineer,Middle,Sber,""Как интерпретировать модель 'черного ящика' (например, бустинг)?"",""Использование SHAP (Shapley Additive Explanations) значений для глобальной и локальной интерпретации. Permutation Importance. Partial Dependence Plots (PDP). LIME для локальных объяснений."""
"ML Engineer,Senior,General,""Стратегия деплоя Canary Release для ML-моделей."",""Новая модель развертывается для небольшого процента трафика (например, 5%). Мониторятся метрики качества и системные ресурсы. При успехе процент постепенно увеличивается до 100%. Позволяет минимизировать риски."""
"ML Engineer,Middle,Tinkoff,""Что такое пайплайн в sklearn?"",""Последовательность преобразований данных и финальной модели. Гарантирует, что все преобразования применяются одинаково к тренировочным и тестовым данным, предотвращая утечку данных (data leakage)."""
"ML Engineer,Junior,General,""Что такое эпоха (epoch), батч (batch) и итерация (iteration)?"",""Epoch — один полный проход по всему набору данных. Batch — порция данных, используемая за один шаг обновления весов. Iteration — количество шагов (батчей) необходимых для прохождения одной эпохи."""
"ML Engineer,Senior,Avito,""Как организовать Feature Store?"",""Централизованное хранилище признаков для обучения и инференса. Обеспечивает консистентность признаков (training-serving skew), версионирование, повторное использование. Примеры: Feast, Tecton, Hopsworks."
